{"cameraMode":{"drawMode":0,"name":"Shaded","section":"Shading Mode"},"sceneLighting":true,"audioPlay":false,"sceneViewState":{"showFog":true,"showMaterialUpdate":true,"showSkybox":true,"showFlares":true,"showImageEffects":true,"showParticleSystems":true},"in2DMode":false,"pivot":{"x":-1.0027179718017579,"y":2.903491497039795,"z":-1.3203535079956055},"rotation":{"x":0.1495431512594223,"y":-0.7528920769691467,"z":0.1832834780216217,"w":0.6141905784606934},"size":4.859443664550781,"orthographic":false}