{"cameraMode":{"drawMode":0,"name":"Shaded","section":"Shading Mode"},"sceneLighting":true,"audioPlay":false,"sceneViewState":{"showFog":false,"showMaterialUpdate":false,"showSkybox":false,"showFlares":false,"showImageEffects":false,"showParticleSystems":false},"in2DMode":false,"pivot":{"x":-1.0027179718017579,"y":2.903491497039795,"z":-1.3203535079956055},"rotation":{"x":-0.06314963102340698,"y":0.6267914772033691,"z":-0.05107665807008743,"w":-0.7749430537223816},"size":12.411398887634278,"orthographic":false}