{"cameraMode":{"drawMode":0,"name":"Shaded","section":"Shading Mode"},"sceneLighting":true,"audioPlay":false,"sceneViewState":{"showFog":true,"showMaterialUpdate":true,"showSkybox":true,"showFlares":true,"showImageEffects":true,"showParticleSystems":true},"in2DMode":false,"pivot":{"x":-33.98977279663086,"y":3.9615845680236818,"z":55.20000076293945},"rotation":{"x":0.15351922810077668,"y":0.03052879497408867,"z":-0.0047294325195252899,"w":0.98769211769104},"size":4.246512413024902,"orthographic":false}