{"cameraMode":{"drawMode":0,"name":"Shaded","section":"Shading Mode"},"sceneLighting":true,"audioPlay":false,"sceneViewState":{"showFog":true,"showMaterialUpdate":true,"showSkybox":true,"showFlares":true,"showImageEffects":true,"showParticleSystems":true},"in2DMode":false,"pivot":{"x":-16.38772964477539,"y":0.5962499976158142,"z":49.892765045166019},"rotation":{"x":0.34328195452690127,"y":-0.4594251215457916,"z":0.198426753282547,"w":0.7948257327079773},"size":20.299509048461915,"orthographic":false}