{"cameraMode":{"drawMode":0,"name":"Shaded","section":"Shading Mode"},"sceneLighting":true,"audioPlay":false,"sceneViewState":{"showFog":true,"showMaterialUpdate":true,"showSkybox":true,"showFlares":true,"showImageEffects":true,"showParticleSystems":true},"in2DMode":false,"pivot":{"x":2.0999999046325685,"y":1.2200000286102296,"z":0.09999990463256836},"rotation":{"x":0.21890689432621003,"y":-0.373386949300766,"z":0.09113302081823349,"w":0.8968620896339417},"size":12.606573104858399,"orthographic":false}