{"cameraMode":{"drawMode":0,"name":"Shaded","section":"Shading Mode"},"sceneLighting":true,"audioPlay":false,"sceneViewState":{"showFog":true,"showMaterialUpdate":true,"showSkybox":true,"showFlares":true,"showImageEffects":true,"showParticleSystems":true},"in2DMode":false,"pivot":{"x":2.0999999046325685,"y":1.2200000286102296,"z":0.09999990463256836},"rotation":{"x":-0.2570323348045349,"y":0.23872385919094087,"z":-0.06567500531673432,"w":-0.9341655373573303},"size":10.01220703125,"orthographic":false}